title,url
FlipIt – 开源翻页时钟，3 种样式，无需网络权限，可替代 Fliqlo [Windows],https://www.appinn.com/flipit-for-windows-screensaver/
YesPlayMusic –  一个好看的第三方网易云音乐客户端,https://www.appinn.com/yesplaymusic/
HackBrowserData – 无需密码，一键导出 Chrome、Firefox、Edge、360、QQ、Brave 浏览器保存的登录密码、历史记录、Cookies、书签,https://www.appinn.com/hackbrowserdata/
WinFi Lite – 免费的 Wi-Fi 信号质量检测工具[Windows],https://www.appinn.com/winfi-lite-for-windows/
Deskreen – 将电脑屏幕共享到浏览器中，做第二块屏幕[Win/macOS/Linux],https://www.appinn.com/deskreen/
Anlink – 用 Windows 控制 Android，支持 USB 与 Wi-Fi 连接,https://www.appinn.com/anlink-for-windows/
迅捷PDF转换器 – 支持PDF转换|合并|分割的PDF转换器,https://www.appinn.com/xunjie-pdf/
如何复制 Windows 单文件夹里的 200 万个小文件？而且电脑不卡（Robocopy）,https://www.appinn.com/windows-robocopy/
Legendary – 第三方 Epic Games Launcher 客户端，可下载、安装、更新游戏及 DLC，同步云存档,https://www.appinn.com/legendary/
Fliqlo – 时隔 10 年，翻页时钟屏保更新，不再需要 Flash,https://www.appinn.com/fliqlo-1-4/
懒人听书有声专辑下载器[Windows],https://www.appinn.com/lrts-downloador/
SubRenamer – 字幕批量重命名，自动匹配视频文件与字幕文件[Windows],https://www.appinn.com/subrenamer-for-windows/
Dinosaur Rss – 极少消耗系统资源的 RSS 阅读器[Win/macOS],https://www.appinn.com/dinosaur-rss-reader/
Mouse Jiggler – 自动移动光标，防止电脑启动屏保、进入休眠[Windows],https://www.appinn.com/mouse-jiggler-2/
使用 ShareX Image effects 为截图添加 Windows、Chrome 等 32 种外壳，让截图更漂亮、更专业,https://www.appinn.com/sharex-image-effects/
iOS App Store 旧版应用下载工具，可下载任意版本[Windows],https://www.appinn.com/app-history-version-download-from-app-store/
NetSetMan 5.0 – 16 年老牌工具更新，快速切换网卡 IP 地址、网关、DNS 工具[Windows],https://www.appinn.com/netsetman-5/
Caps Writer 2.0 – 比讯飞和搜狗更快的语音输入法[Win],https://www.appinn.com/caps-writer/
智能任务栏 – 当有窗口最大化时自动隐藏任务栏[Windows],https://www.appinn.com/smart-taskbar-for-windows/
TaskBar Hider – 用快捷键手动隐藏任务栏[Windows],https://www.appinn.com/taskbar-hider/
dog – 一个简单的彩色命令行 DNS 查询工具[Win/macOS/Linux],https://www.appinn.com/dog-is-colorful-command-line-dns-client/
神秘鸭 – 用 Siri、小爱同学、小度控制电脑和设备,https://www.appinn.com/smya-cn/
Office 和 PDF 等文件批量查找修改替换及各种格式转换工具 –  我的ABC软件工具箱 重磅来袭,https://www.appinn.com/wodeabc/
Everything Toolbar – 用 Everything 替换 Win 10 任务栏系统搜索框,https://www.appinn.com/everything-toolbar/
Maya – 一个简洁小巧的快速启动工具[Windows],https://www.appinn.com/maya-quick-start-for-windows/
番茄人生 – 一款融合了 3 大工作法的老派待办事项软件[Windows],https://www.appinn.com/tomato-list-for-windows/
Homura – 一个简单易用的开源 RSS 阅读器 0.0.1 版本[Win/macOS/Linux],https://www.appinn.com/homura-rss-reader/
SDelete-Gui – 用右键安全的删除文件，不可恢复[Windows],https://www.appinn.com/sdelete-gui-for-windows/
Stroke – 开源鼠标手势软件[Windows],https://www.appinn.com/stroke-for-windows/
酷呆桌面 Coodesker – 类 Fence 桌面整理工具，小巧、免费[Windows],https://www.appinn.com/coodesker-for-windows/
价值 59.95 美元，集在线视频下载、视频编辑与格式转换于一体的工具 VideoProc 限免,https://www.appinn.com/videoproc/
ModernFlyouts – 漂亮的音量指示器[Win10],https://www.appinn.com/modernflyouts-for-windows10/
Mp3tag 豆瓣插件 – 自动将豆瓣音乐写入 MP3 音乐文件 ID3 信息，包括艺术家、专辑名、专辑封面等,https://www.appinn.com/douban-plugins-for-mp3tag/
Wifinian – 根据信号强度、指定排序自动切换 Wi-Fi 连接[Windows],https://www.appinn.com/wifinian-for-windows/
Imaging Edge Webcam – 索尼官方推出将索尼相机用作网络摄像头的工具[Windows],https://www.appinn.com/sony-imaging-edge-webcam-for-windows/
Grid – 为鼠标右键增加快捷功能，130KB 小工具，很顺滑,https://www.appinn.com/grid-mouse-right-for-windows/
高效的剪贴板历史工具 Clipdiary 限免[Windows],https://www.appinn.com/clipdiary-giveaway/
OSD note – 基于 AHK，可半透明置顶的文本编辑器[Windows],https://www.appinn.com/osd-note-for-windows/
喜马拉雅专辑下载器，也支持 蜻蜓FM[Windows],https://www.appinn.com/ximalaya-downloador/
LightBulb – 保护视力，自动根据时间调整显示器伽马值,https://www.appinn.com/lightbulb-for-windows/
Snatch – 漂亮、干净的剪贴板工具，终于有 Windows 剪贴板工具把漂亮当作特性了,https://www.appinn.com/snatch-beautiful-clipboard-manager-for-windows/
FnSync – 同步 Android 通知到 Windows，双向同步剪贴板，还能拔掉手机电源后锁定电脑,https://www.appinn.com/fnsync/
ppInk – 一个小巧的屏幕标注工具[Windows],https://www.appinn.com/ppink-for-windows/
有没有跨平台（Win、macOS、iOS、Android）的云剪贴板？快贴 不错,https://www.appinn.com/clipber-kuaitie/
Rainclip – 一个简单的可同步剪贴板历史与常用语工具[Win/macOS],https://www.appinn.com/rainclip/
PicView – 开源图片浏览器，可查看压缩包图片，快速、“小巧”[Windows],https://www.appinn.com/picview/
Splashy – 极简壁纸工具，跨平台，新增国家地理、Google 艺术、Pexels、Pixabay 壁纸,https://www.appinn.com/splashy-new/
OpenArk – 开源 Ark（对抗恶意程序）工具,https://www.appinn.com/openark-for-windows/
Winamp 皮肤博物馆，超过 6 万款皮肤，支持最新版本,https://www.appinn.com/winamp-skins-from-webamp/
Twinkle Tray – 支持多显示器的屏幕亮度调节工具[Windows 10],https://www.appinn.com/twinkle-tray/
用 Resilio Sync 在 Windows 和 Android 之间同步剪贴板文本,https://www.appinn.com/resilio-sync-windows-android-by-feeshy/
如何指定 Windows 10 文件夹布局与排序方式？,https://www.appinn.com/shellbagsview-nirsoft/
ToDesk – 又一款免费快速的远程控制工具,https://www.appinn.com/todesk/
Crypto Notepad – 不到 2MB 的便携、开源加密文本编辑器[Windows],https://www.appinn.com/crypto-notepad/
Feedmill – 可与 Feedbin、Instapaper、Pocket、Pinboard 同步的 RSS 阅读器[Windows],https://www.appinn.com/feedmill-for-win/
MindMaster 思维导图 – 好用的跨平台云储存导图制作工具 （可团队协作多人编辑）,https://www.appinn.com/mindmaster/
Zesture – 用手势控制播放视频、音乐、PPT[Windows/macOS],https://www.appinn.com/zesture/
macintosh.js – 在现代 Windows、macOS、Linux 操作系统中模拟 1997 年的 Mac OS 8,https://www.appinn.com/macintosh-js/
WinXcorners – 当鼠标移动到屏幕四角，触发快捷功能[Windows],https://www.appinn.com/winxcorners-for-windows/
万彩字影大师-自媒体抖音文字动画视频制作软件（送1000个特别版激活码）,https://www.appinn.com/wancai-ziying/
Stems – 为歌曲分离音轨，去除人声，创建伴奏音乐[Win/macOS],https://www.appinn.com/stems/
麋鹿微博工具箱 – 批量删除微博、批量设置仅自己可见：告别微博黑历史,https://www.appinn.com/milu-weibo-tools/
Okular – 来自 KDE 的通用文档阅读器，可高亮、注释，支持 PDF、ePub、XPS、图片等多种文档格式,https://www.appinn.com/okular/
微软官方发布已删除数据恢复工具 Windows File Recovery,https://www.appinn.com/windows-file-recovery/
Caplos – 只有 50KB 的大小写键工具，让你打代码如飞[Windows],https://www.appinn.com/caplos-for-windows/
LuckyYou – 开源的抽奖小工具， 课堂提问点名小工具[Win/macOS/Linux],https://www.appinn.com/lucky-you-jwenjian/
PhotoRec – 开源数码照片及数据恢复工具,https://www.appinn.com/photorec/
PureRef – 将全部参考图片放在一处[Win/macOS/Linux],https://www.appinn.com/pureref/
"万彩手影大师 – 自媒体(抖音,快手等)动画视频制作软件，送1000个特别版",https://www.appinn.com/wancai-shouying-202006/
Fluent Reader – 开源的桌面 RSS 阅读器[Win/macOS],https://www.appinn.com/fluent-reader/
99美金的 Surface Dial，只需一个 Android 应用 AB Dial 就搞定了,https://www.appinn.com/ab-dial-for-android/
Screenote – 全快捷键截图、贴图工具[Windows],https://www.appinn.com/screenote-for-windows/
BaiduPanFilesTransfers – 百度网盘批量转存工具，将文件转存至自己的百度盘[Windows],https://www.appinn.com/baidupan-files-transfers/
InfoBar – 在 Windows 顶部添加系统状态栏，还能滚动显示 RSS 新信息,https://www.appinn.com/infobar/
微PE工具箱时隔 3 年再更新,https://www.appinn.com/wepe-2-1/
Matrix Screensaver – 黑客帝国式矩阵屏保[Windows],https://www.appinn.com/matrix-screensaver/
稳部落 – 专业备份导出微博记录，炸号也能用[Win/macOS],https://www.appinn.com/stablog-weibo-backup/
Uncle小说 – 支持有声书的通用小说下载器+阅读器[Windows],https://www.appinn.com/uncle-xiaoshuo-download/
「标签式」 文件管理神器 tagLyst 3，现在可以不改文件名，智能匹配标签了,https://www.appinn.com/taglyst-3/
ZY-Player – 可播放12家在线视频的跨平台开源视频播放器,https://www.appinn.com/zy-player/
SETUNA2 – 截图并订在屏幕上[Windows],https://www.appinn.com/setuna2-for-windows/
Windows 程序包管理器：使用 winget 安装 Edge 浏览器[视频],https://www.appinn.com/use-winget-to-install-edge/
IntegerScaler – 让老游戏、小图片更清晰，适合 2K/4K 显示器[Windows/Chrome/Firefox],https://www.appinn.com/integerscaler/
Anime4KCPP – 开源的高性能动漫类图像与视频分辨率放大工具[Windows/macOS/Linux/Android],https://www.appinn.com/anime4kcpp/
Remote Touchpad – 无需安装应用，在手机上控制 Windows/Flatpak/X11 的鼠标和键盘,https://www.appinn.com/unrud-remote-touchpad/
Shake to Find Cursor – 晃动鼠标放大指针[Windows],https://www.appinn.com/shake-to-find-cursor/
Print.Test.Page.OK – 帮你测试打印机，更专业的打印测试页工具[Windows],https://www.appinn.com/print-test-page-ok/
WinMute – 在锁屏或屏保启动时静音[Win],https://www.appinn.com/winmute-for-windows/
Dalieba 的发现：老牌开源电子书阅读器 Sumatra PDF 3.2 新鲜出炉，不再支持 Windows XP,https://www.appinn.com/sumatra-pdf-3-2/
Sniptool – 一个快速标注的截图软件[Windows],https://www.appinn.com/sniptool-for-windows/
wubiLex – 解决微软五笔输入法的7大问题,https://www.appinn.com/wubilex-for-win/
历经17年，Inkscape 1.0 隆重发布，专业品质的开源矢量图编辑工具[Win/macOS/Linux],https://www.appinn.com/inkscape-1-releases/
"万彩手影大师 – 自媒体(抖音,快手等)动画视频制作软件，送3000个特别版",https://www.appinn.com/wancai-shouying-2005/
求 Windows 可以直接调节风扇转速的软件[Open Hardware Monitor],https://www.appinn.com/open-hardware-monitor/
双显示器，如何让鼠标按需才能进入显示器2？,https://www.appinn.com/cursor-lock-for-windows/
Ventoy – 开源 U 盘启动盘制作工具，支持启动多个系统，还能当普通 U 盘保存文件[Win/Linux],https://www.appinn.com/ventoy/
Subtitles-View – 基于讯飞语音转写，为视频自动生成字幕，可识别并翻译无字幕的生肉美剧[Windows],https://www.appinn.com/subtitles-view-for-windows/
EaseUS Video Editor – 简单易用的视频编辑器，限免一个月,https://www.appinn.com/easeus-video-editor/
微软官方推出必应壁纸工具，可每日更新 Windows 桌面壁纸,https://www.appinn.com/bing-wallpaper-from-microsoft/
如何解决“弹出 USB 大容量存储设备 时出问题”,https://www.appinn.com/hotswap-for-windows/
"SageThumbs – 在右键菜单预览图片，并可预览 AI, PS, EPS, PDF 缩略图[Win]",https://www.appinn.com/sagethumbs-for-windows/
Zenkit To Do – 简洁的跨平台任务管理工具，一个奇妙清单的替代品,https://www.appinn.com/zenkit-to-do/
WinDynamicDesktop – 高仿 macOS 动态壁纸，为 Windows 10 添加可随地点、时间变换光线的壁纸,https://www.appinn.com/windynamicdesktop/
QtScrcpy – 用电脑控制 Android 手机，支持多点触控，可玩和平精英，中文界面[Win/macOS/Linux],https://www.appinn.com/qtscrcpy/
有好用的解压缩软件吗？答案居然被 Bandizip 刷屏了,https://www.appinn.com/bandizip-2/
wnr(Work aNd Rest) – 如何更好的工作和休息,https://www.appinn.com/wnr-work-and-rest/
小工具：视频大小、视频码率换算器[Windows],https://www.appinn.com/video-data-rate-windows/
UAC白名单：为 Windows 的用户帐户控制 (UAC)添加白名单功能，让熟悉的软件不再弹窗提示,https://www.appinn.com/uac-whitelist-tools/
网易云音乐下载器 – 做一个本分的音乐下载器[Windows],https://www.appinn.com/music-163-downloader/
小恐龙公文排版助手测试版已支持 WPS 个人版，自动排版以符合《党政机关公文格式国家标准》,https://www.appinn.com/xiaokonglong-gongwen-neice/
OpenHashTab – 在属性中查看文件哈希，以确保文件未被修改[Windows],https://www.appinn.com/openhashtab/
Aerial Views PREMIUM – 很多人要的微软漂亮主题：从空中看到的田野、农场、山水,https://www.appinn.com/aerial-views-premium-for-win10-theme/
Justread – PC 上找不到合适的 ePub 阅读器，自己写一个,https://www.appinn.com/justread-for-windows/
制作炫酷动画 PPT 的软件 – Focusky 送3000个 特别版激活码,https://www.appinn.com/focusky-202003/
AnyTXT Searcher – Windows 10 下的全文搜索工具,https://www.appinn.com/anytxt-searcher/
qimgv – 支持视频预览的开源图片浏览器[Windows/Linux],https://www.appinn.com/qimgv-for-windows/
File Synchronizer – 简单的在两个硬盘间同步文件[Windows],https://www.appinn.com/file-synchronizer-for-windows/
Ty2y杀毒 – 能预防「未来病毒」的轻量级开源杀毒软件[Windows],https://www.appinn.com/ty2yantivirus/
「疫情期间线上宣传工具」短视频动画制作软件 – 万彩动画大师赠送激活码,https://www.appinn.com/wancai-donghua-202002/
如何在 Windows 任务栏精确显示电池电量剩余百分比？,https://www.appinn.com/battery-charge-percentage-in-taskbar-tray/
影子输入法：全拼、双拼、五笔，拥有快速启动、超级命令、鼠标划词、计算器的系统辅助工具,https://www.appinn.com/shadow-input-for-windows/
Waifu2x-Extension-GUI – 对图片、GIF、视频进行高清智能放大，支持降噪[Windows],https://www.appinn.com/waifu2x-extension-gui/
幕享 – 免费投屏工具，可在电脑与手机间相互投屏，还可控制电脑,https://www.appinn.com/letsview/
自动删除「微信 PC 版」文件、视频、图片等缓存数据，释放电脑空间,https://www.appinn.com/auto-delete-file-on-pc-wechat/
专注笔记 – 撰写极具可读性的笔记工具[iOS/macOS/Windows],https://www.appinn.com/focus-note/
洋芋田图像工具箱 – 8 大功能，适合摄影师、设计师的开源工具集,https://www.appinn.com/potatofieldimagetoolkit/
Desktop Goose – 给你的电脑加上一直会捣乱的鹅，作为桌面宠物[Win/macOS],https://www.appinn.com/desktop-goose/
Tixati – 支持群组的 BT 下载工具[Windows/Linux],https://www.appinn.com/tixati/
Berrycast – 屏幕录制分享工具[Windows/macOS],https://www.appinn.com/berrycast/
如何将 iPhone/iPad/Mac 屏幕投屏（AirPlay）到 Windows 上？,https://www.appinn.com/airplay-receiver-for-windows/
Pet – 让双手完全不离开键盘，就能移动鼠标、移动光标，取代鼠标的快捷效率工具[Windows],https://www.appinn.com/pet-for-windows/
如何去除 Windows 10 预览版桌面右下角的水印,https://www.appinn.com/universal-watermark-disabler/
面对电脑的时间有点多，求桌面宠物,https://www.appinn.com/ppet-desktop-pet/
Awake – 临时防休眠，让 Windows 屏幕长亮,https://www.appinn.com/awake-for-windows/
Nuclear – 开源免费的在线音乐播放、下载工具[Win/macOS/Linux],https://www.appinn.com/nuclear/
TranslucentTB – 用小工具让 Windows 任务栏透明,https://www.appinn.com/translucenttb-for-windows/
Captura – 带键盘按键录制的录屏工具，支持直播[Windows],https://www.appinn.com/captura/
快速制作动画视频的软件 – 万彩动画大师送 3000 个激活码，抢完即止！,https://www.appinn.com/wancai-donghua-202001/
微软正式发布基于 Chromium 的浏览器 the New Microsoft Edge,https://www.appinn.com/the-new-microsoft-edge-base-chromium/
Tern – 字幕组机翻小助手：自动翻译英文字幕为中英双语字幕[Win/macOS],https://www.appinn.com/tern-subtitle-file-translator/
PDF 补丁丁 – 11年历史，永久免费，绝不过期，却已完结，免费的 PDF 文档处理工具[Windows],https://www.appinn.com/pdf-bu-ding-ding/
支持 Chrome、Firefox 自动填充密码并提交登录的 KeePass 扩展：Kee,https://www.appinn.com/kee-for-keepass/
EaseUS Todo PCTrans – 新旧电脑资料互传，支持软件、数据、账号,https://www.appinn.com/easeus-todo-pctrans/
音乐相册视频制作软件：万彩影像大师，送特别版会员,https://www.appinn.com/wancai-yingxiang/
Ctrl+C 到底行不行啊？,https://www.appinn.com/quicker-ctrlc/
Whitecloud – 本地游戏存档管理器：存档云同步、启动、攻略、时间统计[Windows],https://www.appinn.com/whitecloud-games-saved-manage/
Office 365 家庭版又有优惠啦，价格探底,https://www.appinn.com/office-365-family-plan-201912-final/
Remote Volume Controller – 远程音量调节工具[Windows],https://www.appinn.com/remote-volume-controller-for-windows/
Delta Chat – 如果早 10 年，用邮件当 IM 可能会火,https://www.appinn.com/delta-chat/
"VideoSrt – 自动识别,为视频生成中英字幕[Win 开源]",https://www.appinn.com/videosrt-for-windows/
MusicPlayer2 – 美观易用的 Windows 本地音乐播放器,https://www.appinn.com/musicplayer2/
"万彩手影大师 – 自媒体(抖音,快手等)动画视频制作软件，送3000个特别版",https://www.appinn.com/wancai-shouying-201912/
Inky – 从未如此简单：编写属于自己的互动小说/文字冒险游戏,https://www.appinn.com/inky-for-ink/
Evernote 强力替代品：开源加密笔记本 Joplin,https://www.appinn.com/joplin/
爆 uTorrent 被多款杀毒软件查杀，有什么好用的替代品吗？,https://www.appinn.com/utorrent-alternative/
Snow Sculptures – 14 幅图像的 Windows 10 冬日雪景主题，微软官方主题,https://www.appinn.com/snow-sculptures-mswintheme/
TextConverter – 16 种方式，批量处理文本文件，生产力工具[Windows],https://www.appinn.com/textconverter-for-windows/
"如何用 PotPlayer 的书签功能,标记并检索视频课程的知识点",https://www.appinn.com/potplayer-bookmark-learning/
FalconX – 居中显示任务栏图标[Windows],https://www.appinn.com/falconx-for-windows/
PARAGON 磁盘管理工具 25 周年纪念版限免，原价389元,https://www.appinn.com/paragon-hdm-25-anniversary/
制作炫酷动画 PPT 的软件 – Focusky 送3000个 特别版激活码,https://www.appinn.com/focusky-1911/
小筑笔记 – 树形结构、无限层级的云笔记应用[Android/Windows],https://www.appinn.com/athinkthings-notes/
Cloaker – 简单的文件加密、解密工具[Win/macOS/Linux],https://www.appinn.com/cloaker-simple-password-based-file-encryption/
Free Shooter – 极简的复古界面开源截图工具[Windows],https://www.appinn.com/free-shooter/
EasyService – 让程序以 Windows 系统服务的方式，无窗口运行,https://www.appinn.com/easyservice-for-windows/
"万彩手影大师 – 自媒体(抖音,快手等)动画视频制作软件，送3000个特别版",https://www.appinn.com/wancai-shouying/
[双11]天若 OCR 文字识别的 8 种文字识别方式[Win],https://www.appinn.com/tianruo-ocr-20191111/
[双11]设计师必备，素材管理、图片收藏工具：Eagle,https://www.appinn.com/eagle-20191111/
Mochi – 支持 Anki 的间隔重复提醒记忆卡片工具[Win/macOS/Linux],https://www.appinn.com/mochi/
CrystalDiskMark 7 发布，更萌的硬盘检测工具[Windows],https://www.appinn.com/crystaldiskmark-7/
用轻量级工具 Notepad3 替代 36 岁的微软记事本,https://www.appinn.com/notepad3/
将 PDF 转换为 Word 只是 万兴PDF专家 的一个小功能,https://www.appinn.com/wanxiang-pdf/
终于找到一款 Windows 下为截图边缘添加阴影工具了：ShareX,https://www.appinn.com/sharex-13/
Everything “HTTP 服务器”功能安全漏洞：允许任何人远程访问本地文件,https://www.appinn.com/everything-safe-bug-exposed-file/
如何自动替换周报中的部分内容？针对 Office 文档,https://www.appinn.com/xclwinkits/
所见即所得的开源跨平台 Markdown 编辑器,https://www.appinn.com/wysiwyg-markdown-editor/
OneDrive 个人保管库上线，在网盘中二次加密保存重要文件,https://www.appinn.com/personal-vault-one-drive/
Raccoon – 从 Play 商店下载 Android 应用安装文件 .apk,https://www.appinn.com/raccoon-downloadapk/
HiPC – 用微信小程序远程控制电脑,https://www.appinn.com/hipc-remote-contorl-wechat-miniapp/
为知笔记发布 Docker 服务器端，私有部署，将数据保存在自己的服务器上，免费使用,https://www.appinn.com/wiz-server-docker/
快速制作动画视频的软件 – 万彩动画大师送 3000 个激活码，抢完即止！,https://www.appinn.com/wancai-gift-201909/
Diffinity – 轻量级文件对比比较工具[Windows],https://www.appinn.com/diffinity-for-win/
怀旧党：三国志 连招辅助工具[Kawaks 接机模拟器],https://www.appinn.com/winkawaks-sanguo-assist/
这个脑洞有点大：远程输入法，用电脑给手机打字,https://www.appinn.com/remoboard/
Switch – 用闪电快捷键切换不同的程序[Windows],https://www.appinn.com/switch-desktop-windows/
XDM(Xtreme Download Manager) – 跨平台开源下载工具，可替代 IDM,https://www.appinn.com/xtreme-download-manager/
用电脑控制 Android 手机的 Scrcpy  拥有更易使用的图形界面了,https://www.appinn.com/scrcpy-gui/
StikyNotes – 一个便捷的 Windows 桌面便利贴,https://www.appinn.com/stikynotes-for-windows/
没有 Windows 文件管理器集成 git 信息展示的工具？自己写一个,https://www.appinn.com/gitinfoexplorerextension/
比 PPT 简单有趣的动画演示制作软件 Focusky 送特别版,https://www.appinn.com/focusky-201909/
最强上班摸鱼工具 Thief-Book 3.0 发布，新增股票价格监控、 Mac 下 Touch Bar 模式,https://www.appinn.com/thief-book-3-0/
ghostwriter – 免费开源的跨平台 Markdown 编辑器,https://www.appinn.com/ghostwriter/
frp – 你也能用的开源内网穿透工具，最简洁教程,https://www.appinn.com/frp/
Scrcpy – 用电脑控制 Android 手机[Win/macOS/Linux],https://www.appinn.com/scrcpy-remote-android-from-computer/
BND 1&2 – 百度网盘不限速下载工具[Win/macOS/Linux],https://www.appinn.com/baidu-netdisk-downloader/
SearchMyFiles – 替代 Windows 原生搜索的高级搜索工具，NirSoft 出品,https://www.appinn.com/searchmyfiles-from-nirsoft/
EasyGO – 快捷启动软件[Windows],https://www.appinn.com/goany-for-windows/
ImageGlass – 开源轻量级看图工具[Windows],https://www.appinn.com/imageglass/
pingo – 快速批量无损图片压缩，支持 PNG、JPG、WebP[Windows],https://www.appinn.com/pingo-optimize-your-images-for-web/
Mr.Otter – 比搜索引擎更方便？搜索 200+ 垂直网站内容,https://www.appinn.com/mr-otter/
Nums – 将笔记本触控板变成数字键盘[硬件],https://www.appinn.com/nums-luckeytech/
求一款专门管理设计资源的工具（针对各类图像）,https://www.appinn.com/how-to-manage-image-design-resources/
DBadmin 深蓝穿透远程 – 支持 iPhone、Android 的 免费内网穿透、远程控制工具[Windows],https://www.appinn.com/dbadmin-for-windows/
快速制作动画视频的软件 –  万彩动画大师送 3000 个激活码，抢完即止,https://www.appinn.com/wancai-20190715/
色彩专家 – 专业的色彩设计 UWP 应用,https://www.appinn.com/ui-color-for-uwp/
Folder Size View – 一目了然，展示文件夹内容大小[Win/macOS],https://www.appinn.com/folder-size-view/
Newsflow – UWP 上的 RSS 阅读器,https://www.appinn.com/newsflow-for-uwp/
Thief-Book – 上班摸鱼神器：在屏幕小区域上阅读小说[Win/macOS/VS Code],https://www.appinn.com/thief-book/
Keypirinha – 为键盘侠打造，Windows 快捷启动工具,https://www.appinn.com/keypirinha/
歌词助手 – UWP 上的极简歌词获取工具,https://www.appinn.com/lyric-fetche-for-uwp/
Partition Master – 可动态调整分区大小的磁盘管理软件[Windows],https://www.appinn.com/partition-master-free/
tagLyst Next – 文件入库、加标签，解决文件分类与聚合的难题[Win/macOS],https://www.appinn.com/taglyst-next/
Krisp – 在通话时，双向背景杂音主动降噪[Windows/macOS],https://www.appinn.com/krisp/
嘀嘀，Office 365 开车啦,https://www.appinn.com/office-365-lizhi-share/
Listary Pro – 本地文件搜索工具，特惠[Windows],https://www.appinn.com/listary-pro-lizhi/
QFD 质量功能展开 – 一个免费的质量功能展开软件[Windows],https://www.appinn.com/quality-function-deployment/
天若OCR文字识别新增截图标注功能[Windows],https://www.appinn.com/tianruo-ocr-image-mark/
安利一个将各种设备拓展为 Windows 第二屏幕的软件：spacedesk,https://www.appinn.com/spacedesk/
万兴优转 – 专业音视频格式转换器，压缩、录屏、刻录，一站式视频工具箱,https://www.appinn.com/wanxingyouzhuan/
Zettlr – 撰写专业论文的 MarkDown 编辑器[Win/macOS/Linux],https://www.appinn.com/zettlr/
13 款本地 RSS 阅读器横向对比[Windows],https://www.appinn.com/13-windows-rss-client-compared/
最受全球用户欢迎的下载工具 IDM[Windows],https://www.appinn.com/idm-lizhi-201904/
Fences – 颇具情怀的「桌面图标分区」工具[Win],https://www.appinn.com/fences-lizhi/
Windows 下如何固定 U 盘的盘符？,https://www.appinn.com/how-to-set-the-usb-drive-letter/
Tea – 简洁的云笔记，支持 MarkDown、代码高亮、快捷键、插件等[Win/macOS],https://www.appinn.com/tea-cloud-note/
能在巴黎圣母院爬上爬下的《刺客信条：大革命》限免，但是买的游戏都不玩，送的游戏会玩？,https://www.appinn.com/assassins-creed-unity/
天若 OCR 文字识别专业版本[Win],https://www.appinn.com/tianyou-ocr-pro/
微软官宣，基于 Chromium 的 Edge 测试版正式发布,https://www.appinn.com/microsoft-edge-insider-channels-chromium-based/
小风翻译助手 – 英中互译，快速翻译工具[Windows],https://www.appinn.com/xiaofeng-translate-assistant/
BitDock – 仿程序坞 Dock 设计，让你的 Windows 像 macOS 一样,https://www.appinn.com/bitdock-for-windows/
stretchly – 开源的休息提醒工具[Win/macOS/Linux],https://www.appinn.com/stretchly/
Hash Manager – 批量修改任意文件的哈希值（MD5）[Win],https://www.appinn.com/hash-manager-for-windows/
Simplenote – 可能是最被低估的跨平台云笔记工具,https://www.appinn.com/simplenote/
Pomy – 遵循 20-20-20 视力保护原则的番茄钟与休息提醒工具[Win/macOS],https://www.appinn.com/pomy-focus-timer-app-for-your-eye-health/
印象笔记 Windows 客户端新增桌面便签功能,https://www.appinn.com/yinxiang-windows-client-desktop-note/
Zoho Notebook for Windows 发布，免费的跨平台云笔记,https://www.appinn.com/zoho-notebook-for-windows/
基于 Chromium 的微软 Edge 浏览器泄漏，真香,https://www.appinn.com/chromium-based-microsoft-edge-for-windows/
怎么获取家中最新的公网 IP [Windows],https://www.appinn.com/how-to-get-new-ip-address-in-windows/
畅邮（DM Pro）- 一款强悍、纯净而稳定的重量级电子邮箱客户端（支持分发、追踪）[Windows],https://www.appinn.com/dreammail-pro-3/
EaseUS 三款产品 5 折优惠：数据恢复、备份、分区管理[Windows],https://www.appinn.com/easeus-2019-off-50/
CCleaner 专业版新增「软件批量更新」功能[Windows],https://www.appinn.com/ccleaner-pro-software-updater/
Forghetti – 不保存密码数据的密码管理器,https://www.appinn.com/forghetti/
Snappy Driver Installer – 为了给老电脑装驱动，这里有 17.1GB 的离线驱动程序[Windows],https://www.appinn.com/snappy-driver-installer-for-windows/
如何识别老电脑硬件型号，下载干净、准确的驱动，并安装 Windows 7,https://www.appinn.com/how-to-find-drive-on-old-computer/
SiteShoter – 来自 Nirsoft 的定时截取网站屏幕截图工具[Windows],https://www.appinn.com/siteshoter-for-windows/
Office 365 个人/家庭版 5+ 折 特价，立即拥有正版 Word/Excel/PPT/Outlook,https://www.appinn.com/office-365-201903-lizhi/
OpenWebMonitor – 实时监控网页变化，并报警通知[Win/macOS],https://www.appinn.com/openwebmonitor/
加速 Aria2 下载，bt-tracker自动更新脚本[Windows],https://www.appinn.com/aria2-bt-tracker-script/
Motrix – 开源下载工具，支持 BT、磁力链、百度盘下载[Win/macOS/Linux],https://www.appinn.com/motrix/
Multrin – 将不同应用程序拖放到一起，组成一个多标签页窗口[Windows],https://www.appinn.com/multrin-for-windows/
Insomnia – 临时阻止电脑进入休眠状态[Win],https://www.appinn.com/insomnia-for-windows/
能给自己 iPhone 发推送的 Bark 有了 Windows 客户端：BarkHelper,https://www.appinn.com/barkhelper-for-bark-windows/
Hve Notes – 一个静态博客写作客户端[Win/macOS],https://www.appinn.com/hve-notes/
SoundSwitch – 一键切换音频播放设备 / 录音设备[Windows],https://www.appinn.com/soundswitch-for-windows/
SteamShutdown – Steam 游戏下载完成后自动关机 [Windows],https://www.appinn.com/steamshutdown-for-windows/
Ao – 第三方开源微软 To-Do 桌面客户端,https://www.appinn.com/ao-third-ms-to-do-clent/
怀旧：Windows 3.0 文件管理器发布 UWP 版本，仅支持 Win10,https://www.appinn.com/windows-3-0-file-manager/
GitNote – 基于 Git 的跨平台云笔记工具,https://www.appinn.com/gitnote/
小恐龙公文排版助手：自动排版以符合《党政机关公文格式国家标准》,https://www.appinn.com/xiaokonglong-gongwen-zhushou/
制作 Google Earth Studio 大片不求人，自己就能图片转视频,https://www.appinn.com/images-to-video-for-windows/
如何用群晖完整备份 Windows 系统、VM 虚拟机、服务器？,https://www.appinn.com/synology-active-backup-for-business/
让 Windows 图片查看器支持 WebP 图片格式,https://www.appinn.com/webp-codec-for-windows/
Mathpix – 将图片数学公式转换为 LaTeX,https://www.appinn.com/mathpix/
EarTrumpet – 单独设置每个软件的音量，支持多音频设备输出[Windows],https://www.appinn.com/eartrumpet-for-windows/
为什么要使用 Windows 10 的 214 条理由,https://www.appinn.com/why-are-there-214-reasons-to-use-windows-10/
BigType – 在输入文字时短暂显示放大镜[Windows],https://www.appinn.com/bigtype-for-windows/
BaiduPCS-Go – 百度盘下载工具，开源命令行式[Win/macOS/Linux/Android/iOS],https://www.appinn.com/baidupcs-go/
Oracle VM VirtualBox 6.0 非官方简体中文语言包,https://www.appinn.com/virtualbox-6-cn/
素材管理工具 Eagle 特价来临，再不要错过了 [Win/macOS],https://www.appinn.com/eagle-134/
uTools – 支持扩展的快速启动器：搜索、翻译、todo、计算、内网穿透等[Win/macOS],https://www.appinn.com/utools/
Rats on The Boat – 自带搜索引擎的 BT 下载工具[Win/macOS/Linux],https://www.appinn.com/rats-on-the-boat/
Splashy – 高质量 Unsplash 桌面壁纸，支持自动更换[Win/macOS/Linux],https://www.appinn.com/splashy-unsplash-wallpaper/
晓日程 – 可以在微信里用的「日历」工具 [微信/Windows],https://www.appinn.com/xricheng-calendar-wechat/
Quicker – 鼠标效率神器：不用键盘也能「很快」手机屏扩展当遥控器 [Windows],https://www.appinn.com/quicker/
畅邮（Dreammail Pro）原「梦幻快车」邮件客户端，功能一览 [Windows],https://www.appinn.com/dreammail-pro/
把超强的在线图片压缩 Squoosh! 工具做成应用在电脑上使用,https://www.appinn.com/squoosh/
ScreenToGif – 屏幕，摄像头和画板录像机，还带有一个编辑器[Windows 精选],https://www.appinn.com/screentogif/
「印象笔记」发布支持 Markdown 语法的 Windows 客户端 [公测],https://www.appinn.com/evernote-support-markdown-for-windows/
Pennywise – 在浮动窗口中打开任何网站，并置顶显示 [Windows/macOS/Linux],https://www.appinn.com/pennywise/
96KB 的微型文件服务器，自己在家搭网盘、分享文件[Win/Linux/OpenWRT],https://www.appinn.com/96kb-webdisk/
Aria2 – 超・懒人包：只需 2 步就能使用神器 aria2 下载文件了[Windows],https://www.appinn.com/frostsigh-aria2-pack/
曾经的经典音乐播放器发布 4 年来的第一个版本：Winamp 5.8,https://www.appinn.com/winamp-5-8/
如何流畅的用 Android 手机「指纹解锁」Windows 系统？,https://www.appinn.com/remote-fingerprint-unlock/
SwitchHosts! – 快速添加、修改、切换 hosts 文件 [Win/macOS/Linux],https://www.appinn.com/switchhosts-2/
速盘 – 可能是 Windows 下最全面的百度盘「快速下载」工具,https://www.appinn.com/speedpan-baidupan-for-windows/
最新版 Windows 10 带来了期待已久的「剪贴板管理」与「云剪贴板」功能,https://www.appinn.com/windows-10-1809-clipboard-cloud/
Microsoft Whiteboard – 来自微软的可以多人协作的「白板」工具 [iPad/iPhone/UWP],https://www.appinn.com/microsoft-whiteboard-for-ios-and-web/
我的电脑 – 终于有一款 UWP 版的 Windows 10「我的电脑」了,https://www.appinn.com/my-computer-uwp-windows10/
CC助手 – 复制两次，一键收藏，体验非常好的剪贴板工具 [Win/macOS],https://www.appinn.com/ccyixia/
M3U8-Downloader – 最简单的方式下载 M3U8 视频 [Windows],https://www.appinn.com/m3u8-downloader/
及目蜗牛 – 屏幕放大镜，适合大屏幕、远距离使用 [Windows],https://www.appinn.com/jimuwoniu/
自助书城 – 书到荒时方恨少，做书荒终结者 [Windows],https://www.appinn.com/zizhu-shucheng/
虚拟机 Parallels Desktop 13/14 特价，并加送 Windows 10 家庭版,https://www.appinn.com/parallels-desktop-14-lizhi/
irreader – RSS、网页、B站、播客，有点全能的网空阅读器 [Windows/macOS],https://www.appinn.com/irreader/
uTorrent Web 终于来了，视频文件边播边下[Windows],https://www.appinn.com/utorrent-web/
在 23 周年之际，有人把 Windows 95 打包成软件了 [Win/macOS/Linux],https://www.appinn.com/windows-95-23year-apps/
Brave – 「你不是商品」安全、快速、跨平台浏览器，支持代币系统,https://www.appinn.com/brave-browser/
Steam for Linux – 在 Linux 上玩 Windows 独占游戏,https://www.appinn.com/steam-for-linux-proton/
Stellarium – 观星、拍银河，在电脑上模拟本地星空 [Win/macOS/Linux],https://www.appinn.com/stellarium-2018/
微软新品 Surface Go，可能是最适合使用 Office 的移动办公平板电脑,https://www.appinn.com/surface-go-today-8-8/
WinAuth – 支持 Google、微软、Steam 等二次验证的第三方开源工具 [Windows],https://www.appinn.com/winauth/
那个可以备份 iOS 下架应用的 iMazing 正在冰点特价，只需 64 元,https://www.appinn.com/imazing-lizhi-201808/
电脑图像工具箱 – 将近 100 项图像工具合集 [Windows],https://www.appinn.com/diannao-images-tools/
kanmh看漫画下载器 – 支持 12 个漫画站点的下载工具 [Windows],https://www.appinn.com/kanmh-for-windows/
Nitro Pro – 专业的 PDF 编辑器 [Windows],https://www.appinn.com/nitro-pro-from-key/
chinawareblock – 国产流氓、娱乐软件和不受欢迎的软件屏蔽工具,https://www.appinn.com/chinawareblock-for-windows/
U 盘 – 带历史记录的 U 盘接管工具 [Windows],https://www.appinn.com/usb-flash-drive-for-windows/
星愿浏览器 4.4.2 发布，专门为大学生解决问题的漂亮浏览器,https://www.appinn.com/twinkstar-update/
一次 Win10 灾难自救记录,https://www.appinn.com/windows-10-self-recovery/
123看图器 – 比 Windows 10 默认看图工具快的图片查看器,https://www.appinn.com/123-photo-viewer/
拥有 18 万专业 PPT/WPS 素材的 iSlide 特惠：买 1 年送 3 个月,https://www.appinn.com/islide-201807/
历时 6 个月，可能用出了 Windows 10 史上最大的 Windows.edb 文件,https://www.appinn.com/fix-windows-10-windows-edb-too-large/
用宇宙最强的 Dism++ 继续清理 C 盘空间,https://www.appinn.com/dism-plusplus-free-space/
用 DriverStore Explorer 清理 DriverStore 驱动文件夹，释放系统盘空间,https://www.appinn.com/driverstore-explorer/
WinSize V3.0 – 一键调整窗口位置，屏幕不再混乱 [Windows],https://www.appinn.com/winsize-v3/
优效日历 – 替换 Windows 10 原生日历，提供年视图、节假日等信息,https://www.appinn.com/youxiao-calendar/
抖音 桌面版（极简），可以在电脑上刷抖音啦 [Win/macOS/Linux],https://www.appinn.com/douyin-desktop/
可缩放演示的 3D 思维导图，有了它脑图的使用效率提高 X 倍,https://www.appinn.com/wancai-siweidaotu-06/
proxyee-down – 专业下载百度盘资源的工具 [macOS/Windows/Linux],https://www.appinn.com/proxyee-down/
PinClipBoard – 支持文件夹与图片管理的 Windows 剪贴板工具,https://www.appinn.com/pinclipboard/
用宇宙最强的 Dism++ 继续清理 C 盘空间,https://www.appinn.com/dism-plusplus-free-space/
用 DriverStore Explorer 清理 DriverStore 驱动文件夹，释放系统盘空间,https://www.appinn.com/driverstore-explorer/
WinSize V3.0 – 一键调整窗口位置，屏幕不再混乱 [Windows],https://www.appinn.com/winsize-v3/
优效日历 – 替换 Windows 10 原生日历，提供年视图、节假日等信息,https://www.appinn.com/youxiao-calendar/
抖音 桌面版（极简），可以在电脑上刷抖音啦 [Win/macOS/Linux],https://www.appinn.com/douyin-desktop/
可缩放演示的 3D 思维导图，有了它脑图的使用效率提高 X 倍,https://www.appinn.com/wancai-siweidaotu-06/
proxyee-down – 专业下载百度盘资源的工具 [macOS/Windows/Linux],https://www.appinn.com/proxyee-down/
PinClipBoard – 支持文件夹与图片管理的 Windows 剪贴板工具,https://www.appinn.com/pinclipboard/
JianPu Easy Trans – 基于图像识别的简谱转调工具 [Windows],https://www.appinn.com/jianpu-easy-trans/
Rufus 3.0 发布，据说重新设计了 UI [Windows],https://www.appinn.com/rufus-3-0/
GreenVBox – 包含完整功能的便携版 VirtualBox 虚拟机 [Windows],https://www.appinn.com/greenvbox/
Gource – 可视化 Git、SVN 的提交历史，生成酷炫的动画效果 [Windows],https://www.appinn.com/gource/
Process Lasso Pro v9 – Windows 优化工具，单版本限免,https://www.appinn.com/process-lasso-pro-v9/
Photon – 基于 aria2 的多线程「图形界面」下载工具 [Win/macOS],https://www.appinn.com/photon-aria2/
DS 文件卫士 –  简单易用的「文件加密」与「文件分享」工具 [Windows],https://www.appinn.com/ds-digispark-tech/
万彩办公大师 | 办公必备绿色小工具百宝箱，只有12M，值得安装,https://www.appinn.com/wofficebox-2/
不到 200KB 的 MP3 音乐播放器 1by1，12 年后再次介绍更新 [Windows],https://www.appinn.com/1by1-1-92/
Win10 WiFi 密码查询工具 – 查询「连接过的」Wi-Fi 密码,https://www.appinn.com/win10-wifi-password-find/
Winds – 开源高颜值 RSS/Podcast 阅读器，已连续 29 天高频更新 [Web/macOS/Win],https://www.appinn.com/winds-2-0/
RunAny – 基于 Everything 快速搜索的快速启动工具 [Windows],https://www.appinn.com/runany-for-windows/
FTool – 基于 Electron 开发的开发工具箱 [Windows],https://www.appinn.com/ftool-for-windows/
小黄条/YYNote – 跨平台，可嵌入桌面的 Todolist 工具 [Windows/iOS/Android],https://www.appinn.com/yynote/
Sci-Hub EVA – 跨平台的论文下载工具，以及现在有 54.54 TB 的海量论文可以下载了,https://www.appinn.com/sci-hub-eva/
RaiDrive – 将网盘映射为磁盘 [Windows],https://www.appinn.com/raidrive/
tagLyst – 专注于「贴标签」的文档管理神器，把杂乱的文件变成随手可得的知识,https://www.appinn.com/taglyst/
WatchCat – 20 年没更新的小工具，居然还能用 [Windows],https://www.appinn.com/watchcat-1998/
如何获取「科学文献 & 学术论文」并使用 Sci-Hub 下载全文,https://www.appinn.com/scihub-desktop-3-3/
同步工具 GoodSync,https://www.appinn.com/goodsync-free-2018/
iSpring Free Cam – 免费易用的「录制屏幕」工具 [Windows],https://www.appinn.com/ispring-free-cam/
万彩影像大师送福利 – 相册视频制作软件 [Windows],https://www.appinn.com/wmvideo-wancai/
Etcher – 将「系统镜像文件」快速制作为 USB/SD 启动盘[Win/macOS/Linux],https://www.appinn.com/etcher-burn-better/
免费下载「科学学术论文和文章」的 SciHub Desktop 又更新了。,https://www.appinn.com/scihub-desktop-3-2/
Windows 下载神器 IDM 「终身授权」优惠来了,https://www.appinn.com/windows-idm-lifetime-license/
[特约限免 2 天] EaseUS Todo Backup Home – 数据/系统 备份恢复小能手 [Win],https://www.appinn.com/easeus-todo-backup-home/
DriverPack – 为电脑下载并更新所有驱动程序 [Windows],https://www.appinn.com/driverpack/
TrafficMonitor – 更全面的「桌面悬浮窗」工具，显示网速、CPU、内存等 [Win],https://www.appinn.com/trafficmonitor/
NetSpeedMonitor – 在桌面悬浮窗显示网速，仿 360 样式 [Windows],https://www.appinn.com/netspeedmonitor-hanyizhao/
JoinerSplitter – 基于 ffmpeg 的视频合并与分割小工具 [Windows],https://www.appinn.com/joinersplitter-for-windows/
FFmpeg Joiner – 多段视频「无损合并」小工具 [Windows],https://www.appinn.com/ffmpeg-joiner-for-windows/
万彩脑图大师 – 可缩放演示的 3D 思维导图软件（Windows 送码福利）,https://www.appinn.com/wmindmap/
比 PPT 更简单更漂亮的动画演示制作工具  Focusky 送码 [Windows/macOS],https://www.appinn.com/focusky-2018-500code/
Simple DNSCrypt – 保护网络安全，一键使用 DNSCrypt 加密 DNS 流量 [Windows],https://www.appinn.com/simple-dnscrypt/
界面清爽无广告的「迅雷内部版」，支持汤不热下载,https://www.appinn.com/xunlei-minnnnni/
《帝国时代：终极版》4K 重制版今天正式上架 Windows 商店，售价 67 元,https://www.appinn.com/age-of-empires-definitive-edition-2/
微软车库新品：Photos Companion「从手机发送照片到 Win 10，最简单」,https://www.appinn.com/photos-companion/
用 Dell Mobile Connect 在 PC 上控制 iPhone 与 Android 打电话、收发短信,https://www.appinn.com/dell-mobile-connect/
幕布 7 折团购开启，用「无限层级」来记录笔记 【已结束】,https://www.appinn.com/mubu-70-special/
不想开浏览器？可能 Integrity Downloader 就是那个最简单的下载器了,https://www.appinn.com/integrity-downloader/
VNote – 更了解程序员和 Markdown 的笔记软件 [Win/macOS/Linux],https://www.appinn.com/vnote/
盘姬工具箱 CruiserEXP – 萌化主题 Windows 系统工具集,https://www.appinn.com/cruiserexp-for-win/
让「电报 Telegram」变得重新伟大 [macOS/Win/Android],https://www.appinn.com/telegre-at/
12306Bypass-分流抢票 – 可能是目前最好的「火车票」抢票软件 [Windows],https://www.appinn.com/12306bypass/
ApowerMirror – 将手机屏幕投射到电脑上 [iOS/Android],https://www.appinn.com/apowermirror/
Gyazo – 可以分享「动态屏幕」的截图分享工具 [Windows/macOS/Linux],https://www.appinn.com/gyazo/
ScanTransfer – 无需安装任何应用，从手机无线传照片到 Windows,https://www.appinn.com/scantransfer/
Standard Notes – 简单、加密、开源、跨平台的私人笔记应用,https://www.appinn.com/standard-notes/
那个可以获取「学术论文」的 SciHub 进化 3.0 版本，拥有了易用的图形界面,https://www.appinn.com/scihub-desktop-3/
还有 25 天，文本编辑与比较工具 UltraEdit 和 UltraCompare 将取消中国特惠，这是你最后的机会,https://www.appinn.com/ultraedit-and-ultracompare-lz/
威力同步 – 国产类 Resilio Sync 服务，跨平台文件同步工具，支持 NAS,https://www.appinn.com/verysync/
Gradient Folders – 38 款手工制作的渐变彩色文件夹图标 [macOS / Windows],https://www.appinn.com/gradient-folders/
EaseUS MobiMover – 在 Windows 里快速备份、转移、恢复 iPhone 数据,https://www.appinn.com/easeus-mobimover/
「办公必备」万彩办公大师 – 免费小巧的办公小工具百宝箱 [Win],https://www.appinn.com/wofficebox/
魔猫订单 – 除了查快递，还能导出你的「所有淘宝历史」订单 [Win/macOS],https://www.appinn.com/momao-order-export-taobao/
最后一天：免费升级 Windows 10 将于 2017 年 12 月 31 日彻底关闭,https://www.appinn.com/accessibility-windows10-upgrade/
「年终福利」电脑录屏编辑神器 – 万彩录屏大师送激活码,https://www.appinn.com/wcapture-2017-final/
再也不用录屏了，支持 20+ 直播平台的「直播视频」下载工具 [Windows],https://www.appinn.com/bklivedown/
Boostnote – 可以快速「记录代码片段」的 Markdown 笔记本 [跨平台],https://www.appinn.com/boostnote/
MYDM – 模块化下载工具，可组合插件：百度盘、MSDN、人人影视 [Windows],https://www.appinn.com/mydm-mydownload/
能够编辑与转换 PDF 格式的「文电通PDF套装版4 」有特价活动啦,https://www.appinn.com/gaaiho-promo201711/
SciHub 桌面版  – 科研工具，获取学术论文全文 [Windows],https://www.appinn.com/sci-hub/
那个神级 Cosplay 的铁锤游戏 Getting Over It 上架 App Store，要不要花 30 块找虐？,https://www.appinn.com/getting-over-it/
Pan Download – 百度盘第三方下载工具 [Win],https://www.appinn.com/pan-download-for-win/
你们都说好用的 PE 工具，叫《微 PE 工具箱》,https://www.appinn.com/wepe/
经典游戏《植物大战僵尸》年度版在 Origin 限免 [Win/macOS],https://www.appinn.com/plants-vs-zombies-mianfei/
小迅雷 – 使用「迅雷云加速平台」的第三方极简下载工具 [Win],https://www.appinn.com/small-xunlei/
微软官方全新 Microsoft Remote Desktop 10 远程桌面已经上架 [macOS],https://www.appinn.com/microsoft-remote-desktop-10/
单机游戏大作《辐射4》（Fallout 4）限时 5 折优惠中，仅需 49 元,https://www.appinn.com/fallout-4-bundle/
LosslessCut – 无损视频剪切工具，适合无人机等大视频文件的初剪 [Win/macOS/Linux],https://www.appinn.com/losslesscut/
AOMEI PE Builder – 制作自己的 Windows PE 系统恢复环境,https://www.appinn.com/aomei-pe-builder/
SDelete – 安全的、不可恢复的删除文件和擦除剩余空间 [Windows],https://www.appinn.com/sdelete-for-windows/
你们都说好用的 PE 工具，叫《微 PE 工具箱》,https://www.appinn.com/wepe/
经典游戏《植物大战僵尸》年度版在 Origin 限免 [Win/macOS],https://www.appinn.com/plants-vs-zombies-mianfei/
小迅雷 – 使用「迅雷云加速平台」的第三方极简下载工具 [Win],https://www.appinn.com/small-xunlei/
微软官方全新 Microsoft Remote Desktop 10 远程桌面已经上架 [macOS],https://www.appinn.com/microsoft-remote-desktop-10/
单机游戏大作《辐射4》（Fallout 4）限时 5 折优惠中，仅需 49 元,https://www.appinn.com/fallout-4-bundle/
LosslessCut – 无损视频剪切工具，适合无人机等大视频文件的初剪 [Win/macOS/Linux],https://www.appinn.com/losslesscut/
AOMEI PE Builder – 制作自己的 Windows PE 系统恢复环境,https://www.appinn.com/aomei-pe-builder/
SDelete – 安全的、不可恢复的删除文件和擦除剩余空间 [Windows],https://www.appinn.com/sdelete-for-windows/
用著名开源代码编辑器 Atom 的插件 Teletype 实现「多人实时编程」,https://www.appinn.com/code-together-in-real-time-with-teletype-for-atom/
灵音播放器 – 支持下载的音乐播放器 [Windows],https://www.appinn.com/lyplayer/
「双11福利」动画 PPT 制作神器 – Focusky 赠送 2000 个激活码,https://www.appinn.com/focusky-1111/
电脑里保存了 1000+ 张图片？你该用 Eagle 来管理它们,https://www.appinn.com/eagle/
ZeroTier – 无配置，零基础「内网穿透」随时随地连回家/学校/办公室 [跨平台],https://www.appinn.com/zerotier-one/
如果你在找 1 款广告屏蔽工具，支持全平台的 Adguard 也许是最适合你的选择,https://www.appinn.com/adguard-lizhi/
ShowMore – 支持标注的屏幕录制工具 [Windows/macOS],https://www.appinn.com/showmore/
如果在 Windows 10 家庭版中使用「远程桌面」？,https://www.appinn.com/windows-10-home-remote-desktop/
易我数据恢复 – 简单易用的数据恢复工具 [Windows],https://www.appinn.com/easeus-data-recovery/
深蓝英文字幕助手 – 为电影「字幕」中不认识的单词添加注释 [Windows 精选],https://www.appinn.com/learn-english-by-subtitle/
「下载神器」aria2 懒人安装教程 [Windows],https://www.appinn.com/aria2-in-windows-setup/
[蛋疼小工具系列] winkill – 「点一下」就屏蔽 Win 键,https://www.appinn.com/winkill/
不愿普通，这款「浏览器」可以看视频去广告，百度盘高速下载,https://www.appinn.com/twinkstar/
这款「微信多开工具」能一次打开 10+ 个微信，还支持快速回复 [Windows],https://www.appinn.com/juliao-im/
Xodo PDF – 跨平台的 PDF 阅读、标注与多人协作工具 [iOS/Android],https://www.appinn.com/xodo-pdf/
万彩录屏大师 – Windows 下的录屏编辑神器，送 5000 个激活码,https://www.appinn.com/wcapture/
「悦书PDF阅读器」@milky 使用体验,https://www.appinn.com/yueshu-pdf/
真正适用于 PDF 的笔记软件：知之阅读 [Windows],https://www.appinn.com/zhizhiyuedu/
Windows 上的下载工具，选这个就对了：Internet Download Manager,https://www.appinn.com/iinternet-download-manager-lizhi/
HEIF 实用工具 – 在 Windows 上查看/转换「新 iPhone」上的新照片格式,https://www.appinn.com/heif-utility/
GoodSync – 非常优秀的本地同步软件[Win/macOS],https://www.appinn.com/goodsync-limit-free/
Locale Emulator – Windows 语言环境仿真器，让你用另外一种语言运行程序、游戏,https://www.appinn.com/locale-emulator-windows/
GUI-YouGet – 双剑合并（you-get / youtube-dl），没有下载不了的视频,https://www.appinn.com/gui-youget/
美剧还能哪里「看 / 下」，快来这里找 Movie Catcher [Win/macOS],https://www.appinn.com/movie-catcher/
「迎国庆限时免费」动画视频制作神器：万彩动画大师 赠送激活码,https://www.appinn.com/animiz-limit-code/
为「多窗口」键盘党们推荐一款软件 FastWindowSwitcher [Windows],https://www.appinn.com/fastwindowswitcher/
CCleaner 遭植入后门后，发布使用新数字签名的 5.35 版本,https://www.appinn.com/ccleaner-5-35/
DeletionTool – 用来删除「特殊字符」造成非法路径，或正在使用的文件/文件夹 [Windows],https://www.appinn.com/deletiontool/
Soda Player – 能够直接播放种子、磁力的视频播放器 [Win/macOS],https://www.appinn.com/soda-player/
相册飞船 – 无需数据线，快速备份手机照片到电脑 [iOS/Android / Windows],https://www.appinn.com/xiangcefeichuan/
知名看板式管理工具 Trello 发布官方 Windows、macOS 客户端,https://www.appinn.com/trello-client/
如何「免登录批量下载」特定用户的 微博 高清大图？,https://www.appinn.com/weibo-pic-downloader-java/
麋鹿精选 – 精选搜狐号（微信公众号）聚合阅读，上班划水增强见闻 [macOS/Win],https://www.appinn.com/elk-selection-weixin-reader/
Yu Writer – 能自动转换粘贴内容为 Markdown 的文本编辑器[macOS/Win],https://www.appinn.com/yu-writer-markdown-editor/
Bandizip – 免费的压缩软件，替代 WinRAR、WinZIP [Windows],https://www.appinn.com/bandizip/
《帝国时代：终极版》4K 重制版开始接受预定 [Windows 10],https://www.appinn.com/age-of-empires-definitive-edition/
True Key – 来自「英特尔安全事业部」的跨平台密码管理工具,https://www.appinn.com/true-key/
TimeZonesView – Nirsoft 发布时区显示工具 [Windows],https://www.appinn.com/timezonesview/
ARTPIP – 每天一幅杰作，将桌面变成艺术画廊，支持放大效果 [Win/macOS],https://www.appinn.com/artpip-wallpaper/
Traymond – 支持 Windows 10 的窗口最小化至系统托盘工具,https://www.appinn.com/traymond/
Royal::Read RSS – Windows 下超简单的 RSS 阅读器,https://www.appinn.com/royal-read-rss-windows/
Home Scanner – 来自「比特梵德」的家庭局域网安全与后门扫描工具 [Windows],https://www.appinn.com/home-scanner/
一家亲，Ubuntu 正式登录 Windows 应用商店,https://www.appinn.com/ubuntu-in-windows-store/
TumblThree – 备份并下载「汤不热」博客，包括视频、音频、图片等内容[Win],https://www.appinn.com/tumblthree/
HamMultiPlayer – 「一屏」看遍硬盘所有片，就问你行不行？,https://www.appinn.com/hammultiplayer/
跨平台开源磁盘加密工具 VeraCrypt 更新，优化 64 位版本加密效率,https://www.appinn.com/veracrypt-1-2/
Notion – 火爆的「你到底是什么」工具，病毒式营销又一案例,https://www.appinn.com/notion/
印象笔记编辑增强 [AHK / Windows],https://www.appinn.com/evernote-ahk-script-windows/
AMP Browser – 基于 Chromium 的开源 AMP 加速浏览器 [Win],https://www.appinn.com/amp-browser/
在移动设备上玩 PC 游戏！真的要这样么？,https://www.appinn.com/moonlight-game-streaming/
一站式「电子书」解决方案 calibre 发布 3.0 版本,https://www.appinn.com/calibre-3/
Icons8 – 高效优雅的图标库 [Web/Win/macOS],https://www.appinn.com/icons8/
Crypti – 跨平台轻量级比特币（Bitcoin）实时报价小工具,https://www.appinn.com/crypti-bitcoin/
期末，班主任必备，成绩自动计算工具,https://www.appinn.com/weiyi-excel/
SkyD Regex -「正则表达式」验证工具 [Windows],https://www.appinn.com/skyd-regex-uwp/
设屐师 – 鞋子前期设计工具？,https://www.appinn.com/madebyall/
Buttercup – 一款简单的跨平台开源桌面「密码管理器」,https://www.appinn.com/buttercup/
Email + IM，YoMail Group 让邮件像聊天一样自如,https://www.appinn.com/yomail-group-email-im/
MPV-EASY Player – 一款简单的视频播放器 [Windows],https://www.appinn.com/mpv-easy-player/
Persepolis Download Manager – 真・零配置的 aria2 下载器 [WIn/macOS/Linux],https://www.appinn.com/persepolis-download-manager/
QuickLook – 给 Windows 桌面一个 macOS 式「快速预览」功能,https://www.appinn.com/quicklook-for-windows/
OotD – 将 Outlook 嵌入桌面 [Windows],https://www.appinn.com/outlook-on-the-desktop-2/
Fieldwire – 专为「施工现场」设计的图纸、项目管理平台,https://www.appinn.com/fieldwire/
小恐龙公文排版助手，自动适配《党政机关公文格式国家标准》格式要求,https://www.appinn.com/xiaokonglong-word-format/
XnConvert – 超过 500 种「图片格式」批量转换 [Win/macOS/Linux],https://www.appinn.com/xnconvert/
业界良心，微软为 Windows XP 发布针对「勒索病毒」的安全补丁,https://www.appinn.com/windowsxp-kb4012598-x86-custom/
ONION 勒索软件（WanaCrypt0r 2.0）已大面积爆发，「请打开 Windows 系统的自动更新」,https://www.appinn.com/ms17-010/
Windows 优化神器 Process Lasso 限时特惠,https://www.appinn.com/process-lasso/
除了 30 天自动清空回收站，你还能通过系统托盘访问回收站 [Win],https://www.appinn.com/30-days-auto-remove-files-in-recycle-bin/
tinyMediaManager – 本地「电影/电视剧」库，用来管理那些硬盘里的片,https://www.appinn.com/tinymediamanager/
UninstallView – NirSoft 新工具：程序卸载管理器,https://www.appinn.com/uninstallview-nirsoft/
File Note – 在 Windows 里为「任意文件添加自定义备注」,https://www.appinn.com/file-note-for-windows/
幕布 – 以层级折叠式文字来整理内容[Web / iOS / Android / Win / macOS],https://www.appinn.com/mubu/
KeePass  与 Fastcopy 的最新中文语言包,https://www.appinn.com/keepass-and-fastcopy-lang-cn/
国产正版 PDF 软件 – 「文电通 PD F套装版 4」评测,https://www.appinn.com/wendintong-pdf-suite/
Microsoft To-Do（微软待办） 你好，奇妙清单 再见,https://www.appinn.com/microsoft-to-do/
EMDB – 本地的电影资料库，要做电脑上的「豆瓣电影」[Windows],https://www.appinn.com/emdb/
《Windows 绝赞应用》推荐列表,https://www.appinn.com/windows-apps-that-amaze-us/
酷Q Air – 定制自己的 QQ 机器人 [Windows],https://www.appinn.com/cool-q-air-qq-bot/
WebTorrent Desktop – 支持 BT 种子、磁力链接，可以「边播边下」,https://www.appinn.com/webtorrent-desktop/
Shotcut – 好用的免费「视频剪辑」软件，跨平台,https://www.appinn.com/shotcut/
其实，Windows 下也有漂亮的 Unsplash 壁纸应用：MyerSplash,https://www.appinn.com/myersplash-wallpaper/
虽然你很丑，但是 Unsplash 做壁纸还是那么棒[Windows],https://www.appinn.com/unsplash_gui/
"T, Twitter CLI – 这是一个通过命令行使用 Twitter 的工具",https://www.appinn.com/twitter-cli/
小黄条 – 可以在 iPhone 上同步的 Windows 桌面便签式任务列表工具,https://www.appinn.com/xiaohuangtiao/
Cryptomator – 帮你加密数据后再传向网盘 [跨平台],https://www.appinn.com/cryptomator/
字由 – 拥有上千款精选字体的「字体下载工具」[Windows/macOS],https://www.appinn.com/hellofont/
KeeWeb – 与 KeePass 兼容的「跨平台」开源密码管理器,https://www.appinn.com/keeweb/
图解电影（GraphMovies）– 将电影变成定格漫画！[iPhone/Android],https://www.appinn.com/graphmovies/
Ulterius – 用「浏览器」远程控制你的 PC [Windows],https://www.appinn.com/ulterius/
光源 – 将「平板电脑」变成柔光箱 [Windows 限免],https://www.appinn.com/universal-softbox/
"Steam Cleaner – 专业清理游戏平台（Steam, Origin 等）的垃圾文件[Win]",https://www.appinn.com/steam-cleaner/
rymdkapsel – 清新又烧脑的太空即时战略游戏,https://www.appinn.com/rymdkapsel/
WhereDat – 聚合搜索利器[Win/macOS/Android],https://www.appinn.com/wheredat-for-macos/
Splashify – 漂亮的 unsplash 桌面壁纸应用[macOS/Win],https://www.appinn.com/splashify/
Google 提供官方的 adb / fastboot 独立工具包[Win/macOS/Linux],https://www.appinn.com/download-adb-or-fastboot-without-android-studio/
Shift – 完美切换多账号邮箱，支持 Gmail 与 Outlook [Win/macOS/Linux],https://www.appinn.com/shift-switching-gmail-outlook/
Focusky 动画演示大师【特别版送码，已结束】,https://www.appinn.com/focusky-special-promotion/
ShareX – 截图与分享神器，附带几十种「效率工具」的功能集[Windows],https://www.appinn.com/sharex-screen-capture/
敢声称「世界最快」的远程控制/协助工具[Win/macOS/Linux],https://www.appinn.com/anydesk/
Zoommy – 一站搜索 50 家高质量「免费授权」图片网站[Win/macOS/Linux],https://www.appinn.com/zoommy/
WechatExport-iOS – 导出「微信」聊天记录，包含图片、语音、视频[Windows],https://www.appinn.com/wechatexport-ios/
制作了刺客信条、细胞分裂、波斯王子的「育碧」把游戏免费了,https://www.appinn.com/ubisoft-ubi30/
ReNamer – 强大却不简陋的批量重命名,https://www.appinn.com/renamer-for-windows/
Knowte – Windows 下的轻量级记事本,https://www.appinn.com/knowte-windows/
搜狗壁纸 – 免费替代 Fences 的桌面图标分类功能[Windows],https://www.appinn.com/bizhi-sogou/
帮你自动纠正 Word 文档，如字母大小写、上下标等文字效果,https://www.appinn.com/text-effect-autocorrection/
极影派 – 帮你管理本地电影视频库[Windows],https://www.appinn.com/jeenpi/
WorkGroup – 向「任务管理」说 👋，聊着天把工作给干了,https://www.appinn.com/workgroup-im/
waifu2x – 专门针对二次元图片，无损放大两倍，效果极佳[Web/Win],https://www.appinn.com/waifu2x/
DesktopNote – 找回 Windows 的桌面便签,https://www.appinn.com/desktopnote/
Marp – 用 Markdown 写幻灯片[Win/macOS/Linux],https://www.appinn.com/marp-markdown-presentation-writer/
Disk Drill – 支持 iOS 与 Android 的数据恢复、磁盘清理工具[macOS/Win],https://www.appinn.com/disk-drill-3/
Fly 的 Windows 四件套：看图、键盘音效、文本编辑器和快捷鼠标,https://www.appinn.com/fly-four-tools-for-windows/
在邮件客户端里聊微信、QQ、Skype、Slack 这样好不好？,https://www.appinn.com/yomail-apps-store/
FlySee – 除了颜值，都不错的标准看图工具[Windows],https://www.appinn.com/flysee/
EV录屏 – 适合主播使用的屏幕直播与录制工具[Windows],https://www.appinn.com/evcapture/
μ – 惊艳的音乐播放器[Windows/macOS/Linux],https://www.appinn.com/usic-forever/
在手机上体验华容道和七巧板,https://www.appinn.com/zenge-wdj-award/
京东商城 降价提醒，支持网页、移动端、微信价格监控[Windows],https://www.appinn.com/bsh-jd/
Snipaste – 历时三年开发的「截图 + 贴图」工具[Win],https://www.appinn.com/snipaste/
limitPNG – PNG 极限压缩工具[Win],https://www.appinn.com/limitpng/
WordMark – 轻量级 Markdown 博客客户端/编辑器[Win/macOS/Linux],https://www.appinn.com/wordmark/
PC 软件限免，包含 DVD 转换刻录、密码管理、音轨编辑、PDF 处理、磁盘管理等,https://www.appinn.com/summer-giveaway-dvd-ripper/
CuteMarkEd – 朴素 Markdown 本地编辑器[Win/Linux],https://www.appinn.com/cutemarked/
Email My PC –  只需一封邮件就能远程监控电脑[Windows],https://www.appinn.com/email-my-pc/
CintaNotes PRO 限免，截止今天下午 3 点[Win],https://www.appinn.com/cintanotes-pro-limit-free/
ZogVM – 支持多硬盘、NAS 的本地音/视频库管理工具[Win],https://www.appinn.com/zogvm/
Typora – 终于有一款优美的 Markdown 编辑器[Win/macOS],https://www.appinn.com/typora/
Ken Burns Slideshow – 在电脑上看照片也有大片感[Windows],https://www.appinn.com/ken-burns-slideshow/
AnkiDroid 记忆卡片，不止是背单词[跨平台],https://www.appinn.com/ankidroid/
Arctime – 跨平台字幕创作/编辑软件[Win/macOS/Linux],https://www.appinn.com/arctime/
Rambox – 社交达人必备，开源的 IM 与 Email 聚合应用[Win/Mac/Linux],https://www.appinn.com/rambox/
InternetOff 3.0 –  新增定时功能，一键关闭网络[Win],https://www.appinn.com/internetoff-3-0/
ShareMouse – 在多台电脑间共享鼠标[Win/Mac],https://www.appinn.com/sharemouse/
FastStone Photo Resizer – 图片批量处理与重命名工具[Win],https://www.appinn.com/faststone-photo-resizer/
Focusky动画演示大师 – 可以无限缩放的动画演示文档工具[Win/macOS],https://www.appinn.com/focusky/
Image Composite Editor – 微软黑科技：自动拼接图片、视频[Windows],https://www.appinn.com/image-composite-editor/
MoneyWiz – 知名的全平台记账小能手 [中国特惠],https://www.appinn.com/moneywiz-cn-deals/
这个 Windows 的怀旧有点另类,https://www.appinn.com/windows-crashed/
DuckieTV – 电视剧日历及下载工具[Win/Mac/Linux],https://www.appinn.com/duckietv/
Vieas – 轻量、快速的 Windows 看图工具,https://www.appinn.com/vieas/
专业邮件客户端 YoMail 已整合团队协作工具 Worktile,https://www.appinn.com/integrate-yomail-and-worktile/
Histcite Pro 科研文献引文分析利器[Win],https://www.appinn.com/histcite/
护眼宝 – 傻瓜版屏幕蓝光过滤应用[Win/Android],https://www.appinn.com/huyanbao/
Capslock+ – 增强大小写切换键 Capslock 功能的工具[Win],https://www.appinn.com/capslock-plus-for-windows/
Amazon Cloud Drive 无限空间的照片备份服务,https://www.appinn.com/amazon-cloud-drive-photos/
Dopamine － 干净，漂亮的本地音乐播放器[Win],https://www.appinn.com/dopamine/
小丸工具箱 – 压制 H264+AAC 视频[Windows],https://www.appinn.com/maruko/
NetSpot – 专业 Wi-Fi 分析仪，告诉你哪里信号不好[Win/OS X],https://www.appinn.com/netspot/
Firewall App Blocker – 快速阻止程序联网[Windows],https://www.appinn.com/firewall-app-blocker/
Acronis True Image – 据说能媲美 Ghost 的备份工具限免了,https://www.appinn.com/acronis-true-image/
护眼宝 – 傻瓜版屏幕蓝光过滤应用[Win/Android],https://www.appinn.com/huyanbao/
Capslock+ – 增强大小写切换键 Capslock 功能的工具[Win],https://www.appinn.com/capslock-plus-for-windows/
Amazon Cloud Drive 无限空间的照片备份服务,https://www.appinn.com/amazon-cloud-drive-photos/
Dopamine － 干净，漂亮的本地音乐播放器[Win],https://www.appinn.com/dopamine/
小丸工具箱 – 压制 H264+AAC 视频[Windows],https://www.appinn.com/maruko/
NetSpot – 专业 Wi-Fi 分析仪，告诉你哪里信号不好[Win/OS X],https://www.appinn.com/netspot/
Firewall App Blocker – 快速阻止程序联网[Windows],https://www.appinn.com/firewall-app-blocker/
Acronis True Image – 据说能媲美 Ghost 的备份工具限免了,https://www.appinn.com/acronis-true-image/
Textify – 复制不可能的窗口内容[Win],https://www.appinn.com/textify-for-win/
VidCoder – 做一名合格的视频搬运工[Win],https://www.appinn.com/vidcoder/
Vivaldi 浏览器，Opera 新作，满满的情怀[Win/Mac],https://www.appinn.com/vivaldi-browser/
MarkEditor – 很高级的 Markdown 编辑器[OS X/Win],https://www.appinn.com/markeditor/
大席开发工具集，真的只是工具集[Win],https://www.appinn.com/daxidevtools/
被 Google 收购的专业照片后期制作工具 Nik Collection 宣布免费啦,https://www.appinn.com/nik-collection/
AutoStitch – 自动拼接多张图片[Win/Mac],https://www.appinn.com/autostitch/
DesktopEarth – 更精细的卫星地球照片桌面来了[Win/OS X/Android],https://www.appinn.com/desktopearth/
Caddy – 最简单的支持 HTTP/2 的网页服务器[Win/Mac/Linux],https://www.appinn.com/caddy-server/
知名 BT 客户端 Transmission 发布 Windows 版本,https://www.appinn.com/transmission-bittorrent-windows/
流氓软件终结者 – 远离各种卫士[Windows],https://www.appinn.com/block-liumang/
将内容从 Evernote 移到 OneNote [Windows/Mac],https://www.appinn.com/import-evernote-to-onenote/
oneSafe – 本地加密储存的密码管理器[iOS限免/Android/Mac/WP免费],https://www.appinn.com/onesafe-password-manager/
Dashlane – 又一款不错的密码管理应用,https://www.appinn.com/dashlane-password-manager/
Myer List – 可能是最简单的多平台待办事项应用[Win10/WP/Android],https://www.appinn.com/myer-list/
教你搭建超简单的 WebDAV 服务，在网络上传输文件[Win/Linux/Mac],https://www.appinn.com/parkomat/
Elpis – 开源的 Pandora 桌面客户端[Windows],https://www.appinn.com/elpis-with-pandora/
定格动画工作室 – 制作有趣的「定格动画」[跨平台],https://www.appinn.com/stop-motion-studio/
Kaspersky Cleaner BETA –  「卡巴斯基」免费清理电脑垃圾工具[Windows],https://www.appinn.com/kaspersky-cleaner-beta/
让 Wi-Fi 速度跑的比邻居快[Win/Mac/iOS/Android],https://www.appinn.com/wifi-channel-select/
VeraCrypt – 最活跃的 TrueCrypt 分支，跨平台数据加密工具,https://www.appinn.com/veracrypt/
Telegram 新版，加密聊天支持全部内容,https://www.appinn.com/telegram-3-5/
Video-Downloader – 下载 AB 站、优酷、乐视视频文件[Win/Mac/Linux],https://www.appinn.com/video-downloader/
华丽的 MP3 伴侣 – 自动批量添加『音乐』专辑封面和完整的专辑信息[Win],https://www.appinn.com/mp3-auto-input-id3-information/
纸小墨 – 简洁的静态博客构建工具[OS X/Linux/Win],https://www.appinn.com/inkpaper/
VideoInspector – 视频信息查看器[Win],https://www.appinn.com/videoinspector-for-win/
Color Cube – 国产的优秀配色取色工具 [Win/Mac],https://www.appinn.com/color-cube/
Remote Desktop Organizer – 管理组织远程桌面,https://www.appinn.com/remote-desktop-organizer/
